lineId,lineName,startNode,startName,stopNode,stopName
116812115334922252,31730段归2线,117375065288343652,陕西.段家变1号主变-高,117375065288346275,陕西.归心变1号主变-高
116812115334922256,3953桥蒲1线,117375065288343562,陕西.桥陵变1号主变-高,117375065288347779,陕西.蒲城电厂1号厂用变-高
116812115334922259,3996桥桃线,117375065288343562,陕西.桥陵变1号主变-高,117375065288345009,陕西.桃曲变1号主变-高
116812115334922260,3996桃桥线,117375065288345009,陕西.桃曲变1号主变-高,117375065288343562,陕西.桥陵变1号主变-高
116812115334922269,3001黄金线,117375065288343568,陕西.黄陵变1号主变-高,117375065288344573,陕西.金州变1号主变-高
116812115334922270,3001黄金线,117375065288343568,陕西.黄陵变1号主变-高,117375065288344037,陕西.金锁变1号主变-高
116812115334922285,3002滈柞1线,117375065288349009,陕西.滈河变1号主变,117375065288343579,陕西.柞水变1号主变-高
116812115334922288,3981雍新1线,117375065288343585,陕西.雍城变1号主变-高,117375065288343791,陕西.宝鸡二厂0号启备变-高
116812115334922289,3982雍新2线,117375065288343585,陕西.雍城变1号主变-高,117375065288346456,陕西.新盛变1号主变-高
116812115334922291,3S2307雍陈2线,117375065288343585,陕西.雍城变1号主变-高,117375065288348576,陕西.陈仓变1号主变-高
116812115334922292,3724马陈1线,117375065288343556,陕西.马营变1号主变-高,117375065288348576,陕西.陈仓变1号主变-高
116812115334922293,31729雍归线,117375065288343585,陕西.雍城变1号主变-高,117375065288346275,陕西.归心变1号主变-高
116812115334922305,3S2398榆滩1线,117375065288343598,陕西.榆林变1号主变-高,117375065288348473,陕西.曹家滩变1号主变-高
116812115334922306,3S1924神朔1线,117375065288343628,陕西.神木变1号主变-高,117375065288347139,陕西.朔方变1号站用变-高
116812115334922307,3021秦罗1线,117375065288343612,陕西.秦岭二厂7号联变-高,117375065288343667,陕西.罗敷变1号主变-高
116812115334922447,3863汤马线,117375065288343617,陕西.汤峪变1号主变-高,117375065288343556,陕西.马营变1号主变-高
116812115334922448,3863汤马线,117375065288343617,陕西.汤峪变1号主变-高,117375065288343556,陕西.马营变1号主变-高
116812115334922449,31496汤凌线,117375065288343617,陕西.汤峪变1号主变-高,117375065288345673,陕西.杨凌热电厂1号启备变-高
116812115334922450,31514庄凌1线,117375065288343634,陕西.庄头变1号主变-高,117375065288345673,陕西.杨凌热电厂1号启备变-高
116812115334922457,3S2399榆滩2线,117375065288343598,陕西.榆林变1号主变-高,117375065288348473,陕西.曹家滩变1号主变-高
116812115334922458,3S1925神朔2线,117375065288343628,陕西.神木变1号主变-高,117375065288347139,陕西.朔方变1号站用变-高
116812115334922502,3S1733沣谷1线,117375065288343697,陕西.沣河变1号主变-高,117375065288346393,陕西.云谷变2号主变-高
116812115334922507,31515庄凌2线,117375065288343634,陕西.庄头变1号主变-高,117375065288345673,陕西.杨凌热电厂1号启备变-高
116812115334922508,31513凌段线,117375065288345673,陕西.杨凌热电厂1号启备变-高,117375065288343652,陕西.段家变1号主变-高
116812115334922530,3781金西线,117375065288344037,陕西.金锁变1号主变-高,117375065288346462,陕西.西柳变1号动力变-高
116812115334922531,3793塬柳1线,117375065288343990,陕西.东塬变1号主变-高,117375065288346462,陕西.西柳变1号动力变-高
116812115334922532,3168柳桃1线,117375065288346462,陕西.西柳变1号动力变-高,117375065288345009,陕西.桃曲变1号主变-高
116812115334922611,3048罗灵线,117375065288343667,陕西.罗敷变1号主变-高,117375065288348832,陕西.灵泉变1号主变-高
116812115334922617,3027罗张1线,117375065288343667,陕西.罗敷变1号主变-高,117375065288343731,陕西.张村变1号主变-高
116812115334922618,3027罗张1线,117375065288343667,陕西.罗敷变1号主变-高,117375065288343731,陕西.张村变1号主变-高
116812115334922691,3S1920渭乐1线,117375065288343691,陕西.渭南变1号主变-高,117375065288346827,陕西.乐天电厂0号启备变-高
116812115334922692,3866北林1线,117375065288343737,陕西.北郊变1号主变-高,117375065288349010,陕西.林溪林溪高抗站
116812115334922693,3S1921渭乐2线,117375065288343691,陕西.渭南变1号主变-高,117375065288346827,陕西.乐天电厂0号启备变-高
116812115334922694,30524北乐2线,117375065288343737,陕西.北郊变1号主变-高,117375065288346827,陕西.乐天电厂0号启备变-高
116812115334922695,3884渭东1线,117375065288343691,陕西.渭南变1号主变-高,117375065288343706,陕西.东郊变1号主变-高
116812115334922696,3884渭东1线,117375065288343691,陕西.渭南变1号主变-高,117375065288343706,陕西.东郊变1号主变-高
116812115334922716,3057草沣1线,117375065288343951,陕西.草滩变1号主变-高,117375065288343697,陕西.沣河变1号主变-高
116812115334922717,30518沣草2线,117375065288343697,陕西.沣河变1号主变-高,117375065288343951,陕西.草滩变1号主变-高
116812115334922718,30518沣草2线,117375065288343697,陕西.沣河变1号主变-高,117375065288343951,陕西.草滩变1号主变-高
116812115334922741,3822东咸1线,117375065288343706,陕西.东郊变1号主变-高,117375065288345400,陕西.咸林变2号主变-高
116812115334922742,31327罗咸1线,117375065288343667,陕西.罗敷变1号主变-高,117375065288345400,陕西.咸林变2号主变-高
116812115334922775,31523西禹2线,117375065288344593,陕西.西庄变1号主变-高,117375065288347749,陕西.韩城二厂1号厂用变-高
116812115334922776,3821高西线,117375065288343712,陕西.高明变1号主变-高,117375065288344593,陕西.西庄变1号主变-高
116812115334922827,3862北玄1线,117375065288343737,陕西.北郊变1号主变-高,117375065288348618,陕西.玄武变1号主变-高
116812115334922828,31621草玄1线,117375065288343951,陕西.草滩变1号主变-高,117375065288348618,陕西.玄武变1号主变-高
116812115334922829,3S2018北玄2线,117375065288343737,陕西.北郊变1号主变-高,117375065288348618,陕西.玄武变1号主变-高
116812115334922830,30519草玄2线,117375065288343951,陕西.草滩变1号主变-高,117375065288348618,陕西.玄武变1号主变-高
116812115334923161,3064滈柞2线,117375065288349009,陕西.滈河变1号主变,117375065288343579,陕西.柞水变1号主变-高
116812115334923166,3S2105桃聂1线,117375065288345009,陕西.桃曲变1号主变-高,117375065288344021,陕西.聂刘变1号主变-高
116812115334923230,3S2102南城2线,117375065288343746,陕西.南郊变1号主变-高,117375065288345538,陕西.星城变1号主变-高
116812115334923232,30610南城1线,117375065288343746,陕西.南郊变1号主变-高,117375065288345538,陕西.星城变1号主变-高
116812115334923235,30527盛寨1线,117375065288343966,陕西.河寨变1号主变-高,117375065288346456,陕西.新盛变1号主变-高
116812115334923236,31140盛余1线,117375065288346456,陕西.新盛变1号主变-高,117375065288347589,陕西.户县二厂1号厂用变-高
116812115334923255,3S2004喜月线,117375065288343972,陕西.喜河电厂1号主变-高,117375065288347030,陕西.月河变1号主变-高
116812115334923256,3065安月线,117375065288343836,陕西.安康电厂1号主变-高,117375065288347030,陕西.月河变1号主变-高
116812115334923257,3063鹤柞线,117375065288346015,陕西.鹤城变1号主变-高,117375065288343579,陕西.柞水变1号主变-高
116812115334923258,31618鹤张2线,117375065288346015,陕西.鹤城变1号主变-高,117375065288343731,陕西.张村变1号主变-高
116812115334923259,3901柞金1线,117375065288343579,陕西.柞水变1号主变-高,117375065288344573,陕西.金州变1号主变-高
116812115334923262,3062金安1线,117375065288344573,陕西.金州变1号主变-高,117375065288343836,陕西.安康电厂1号主变-高
116812115334923333,30618塬桃2线,117375065288343990,陕西.东塬变1号主变-高,117375065288345009,陕西.桃曲变1号主变-高
116812115334923334,30618塬桃2线,117375065288343990,陕西.东塬变1号主变-高,117375065288345009,陕西.桃曲变1号主变-高
116812115334923335,30619塬桥2线,117375065288343990,陕西.东塬变1号主变-高,117375065288343562,陕西.桥陵变1号主变-高
116812115334923363,3S2099桥万线,117375065288343562,陕西.桥陵变1号主变-高,117375065288347087,陕西.万泉变1号主变-高
116812115334923364,30620蒲万线,117375065288347779,陕西.蒲城电厂1号厂用变-高,117375065288347087,陕西.万泉变1号主变-高
116812115334923365,30621黄桃线,117375065288343568,陕西.黄陵变1号主变-高,117375065288345009,陕西.桃曲变1号主变-高
116812115334923366,30621桃黄线,117375065288345009,陕西.桃曲变1号主变-高,117375065288343568,陕西.黄陵变1号主变-高
116812115334923367,3054高渭线,117375065288343712,陕西.高明变1号主变-高,117375065288343691,陕西.渭南变1号主变-高
116812115334923368,3054高渭线,117375065288343712,陕西.高明变1号主变-高,117375065288343691,陕西.渭南变1号主变-高
116812115334923443,30713池铜1线,117375065288343963,陕西.池阳变1号主变-高,117375065288347771,陕西.铜川电厂1号厂用变-高
116812115334923444,30713池铜1线,117375065288347771,陕西.铜川电厂1号厂用变-高,117375065288343963,陕西.池阳变1号主变-高
116812115334923445,30714池铜2线,117375065288343963,陕西.池阳变1号主变-高,117375065288347771,陕西.铜川电厂1号厂用变-高
116812115334923446,30714池铜2线,117375065288347771,陕西.铜川电厂1号厂用变-高,117375065288343963,陕西.池阳变1号主变-高
116812115334923447,30712池正线,117375065288343963,陕西.池阳变1号主变-高,117375065288344822,陕西.顺正变1号主变-高
116812115334923448,3S2107聂正线,117375065288344021,陕西.聂刘变1号主变-高,117375065288344822,陕西.顺正变1号主变-高
116812115334923449,3S2111池澎2线,117375065288347579,陕西.澎王变2号主变-高,117375065288343963,陕西.池阳变1号主变-高
116812115334923450,3S2106桃聂2线,117375065288345009,陕西.桃曲变1号主变-高,117375065288344021,陕西.聂刘变1号主变-高
116812115334923456,3163富蒲1线,117375065288346003,陕西.富平变1号主变-高,117375065288347779,陕西.蒲城电厂1号厂用变-高
116812115334923457,3S1812聂泾2线,117375065288344021,陕西.聂刘变1号主变-高,117375065288346683,陕西.泾渭变1号站用变-高
116812115334923458,3077北奥2线,117375065288343737,陕西.北郊变1号主变-高,117375065288346886,陕西.奥体变1号主变-高
116812115334923874,30721金安2线,117375065288344573,陕西.金州变1号主变-高,117375065288343836,陕西.安康电厂1号主变-高
116812115334923875,3902柞金2线,117375065288343579,陕西.柞水变1号主变-高,117375065288344573,陕西.金州变1号主变-高
116812115334923907,3076王大1线,117375065288343553,陕西.大杨变1号主变-高,117375065288344668,陕西.王塬变1号主变-高
116812115334923908,3076王大1线,117375065288344668,陕西.王塬变1号主变-高,117375065288343553,陕西.大杨变1号主变-高
116812115334923927,30735池大1线,117375065288343963,陕西.池阳变1号主变-高,117375065288343553,陕西.大杨变1号主变-高
116812115334923928,30735池大1线,117375065288343963,陕西.池阳变1号主变-高,117375065288343553,陕西.大杨变1号主变-高
116812115334923946,3781西金线,117375065288344593,陕西.西庄变1号主变-高,117375065288344037,陕西.金锁变1号主变-高
116812115334923947,3051禹西线,117375065288347749,陕西.韩城二厂1号厂用变-高,117375065288344593,陕西.西庄变1号主变-高
116812115334923948,3051禹西线,117375065288343939,陕西.韩城二厂01A号启备变-高,117375065288344593,陕西.西庄变1号主变-高
116812115334923981,3079武汉1线,117375065288344609,陕西.武侯变1号主变-高,117375065288343676,陕西.汉中变1号主变-高
116812115334923983,30710神郝1线,117375065288343628,陕西.神木变1号主变-高,117375065288344703,陕西.郝家变1号主变-高
116812115334923984,30710神郝1线,117375065288343628,陕西.神木变1号主变-高,117375065288344703,陕西.郝家变1号主变-高
116812115334923985,31517郝郡线,117375065288344703,陕西.郝家变1号主变-高,117375065288346565,陕西.上郡变1号主变-高
116812115334923986,30711神郡线,117375065288343628,陕西.神木变1号主变-高,117375065288346565,陕西.上郡变1号主变-高
116812115334923987,30733上南1线,117375065288345509,陕西.上苑变1号主变-高,117375065288343746,陕西.南郊变1号主变-高
116812115334923988,30733上南1线,117375065288345509,陕西.上苑变1号主变-高,117375065288343746,陕西.南郊变1号主变-高
116812115334923990,3S2298南滈临线,117375065288345837,陕西.滈河变1号主变-高,117375065288343746,陕西.南郊变1号主变-高
116812115334923991,3882上东1线,117375065288345509,陕西.上苑变1号主变-高,117375065288343706,陕西.东郊变1号主变-高
116812115334923992,3882上东1线,117375065288345509,陕西.上苑变1号主变-高,117375065288343706,陕西.东郊变1号主变-高
116812115334924015,30731鹿张1线,117375065288344630,陕西.鹿城变1号主变-高,117375065288343731,陕西.张村变1号主变-高
116812115334924016,30731张鹿1线,117375065288343731,陕西.张村变1号主变-高,117375065288344630,陕西.鹿城变1号主变-高
116812115334924017,30732鹿张2线,117375065288344630,陕西.鹿城变1号主变-高,117375065288343731,陕西.张村变1号主变-高
116812115334924018,30732张鹿2线,117375065288343731,陕西.张村变1号主变-高,117375065288344630,陕西.鹿城变1号主变-高
116812115334924036,30854禹信3线,117375065288345320,陕西.信义变#1站用变,117375065288343939,陕西.韩城二厂01A号启备变-高
116812115334924051,30953池渡1线,117375065288343963,陕西.池阳变1号主变-高,117375065288344799,陕西.古渡变1号主变-高
116812115334924052,30953渡池1线,117375065288344799,陕西.古渡变1号主变-高,117375065288343963,陕西.池阳变1号主变-高
116812115334924070,30810庄乾1线,117375065288343634,陕西.庄头变1号主变-高,117375065288343634,陕西.庄头变1号主变-高
116812115334924071,30810乾庄1线,117375065288345060,陕西.乾县变1号站用变-高,117375065288343634,陕西.庄头变1号主变-高
116812115334924072,30811庄乾2线,117375065288343634,陕西.庄头变1号主变-高,117375065288343634,陕西.庄头变1号主变-高
116812115334924073,30811乾庄2线,117375065288345060,陕西.乾县变1号站用变-高,117375065288343634,陕西.庄头变1号主变-高
116812115334924084,30820东长1线,117375065288343706,陕西.东郊变1号主变-高,117375065288344741,陕西.长乐变1号主变-高
116812115334924085,30820长东1线,117375065288344741,陕西.长乐变1号主变-高,117375065288343706,陕西.东郊变1号主变-高
116812115334924086,30821东长2线,117375065288343706,陕西.东郊变1号主变-高,117375065288344741,陕西.长乐变1号主变-高
116812115334924087,30821长东2线,117375065288344741,陕西.长乐变1号主变-高,117375065288343706,陕西.东郊变1号主变-高
116812115334924094,3S1811聂泾1线,117375065288344021,陕西.聂刘变1号主变-高,117375065288346683,陕西.泾渭变1号站用变-高
116812115334924095,30830北奥1线,117375065288343737,陕西.北郊变1号主变-高,117375065288346886,陕西.奥体变1号主变-高
116812115334924099,3134化蒲1线,117375065288345394,陕西.煤化变1号主变-高,117375065288347779,陕西.蒲城电厂1号厂用变-高
116812115334924101,3164富蒲2线,117375065288346003,陕西.富平变1号主变-高,117375065288347779,陕西.蒲城电厂1号厂用变-高
116812115334924103,30829桥蒲3线,117375065288343562,陕西.桥陵变1号主变-高,117375065288347779,陕西.蒲城电厂1号厂用变-高
116812115334924106,30828塬桥1线,117375065288343990,陕西.东塬变1号主变-高,117375065288343562,陕西.桥陵变1号主变-高
116812115334924110,3066洋牧1线,117375065288343661,陕西.洋县变1号主变-高,117375065288348333,陕西.牧马河变1号主变-高
116812115334924111,3S2213喜牧线,117375065288343972,陕西.喜河电厂1号主变-高,117375065288348333,陕西.牧马河变1号主变-高
116812115334924122,30827金塬线,117375065288344037,陕西.金锁变1号主变-高,117375065288343990,陕西.东塬变1号主变-高
116812115334924123,30827金塬线,117375065288344037,陕西.金锁变1号主变-高,117375065288343990,陕西.东塬变1号主变-高
116812115334924126,30826汉洋线,117375065288343676,陕西.汉中变1号主变-高,117375065288343661,陕西.洋县变1号主变-高
116812115334924127,30826汉洋线,117375065288343676,陕西.汉中变1号主变-高,117375065288343661,陕西.洋县变1号主变-高
116812115334924142,3S1730榆云1线,117375065288343598,陕西.榆林变1号主变-高,117375065288346358,陕西.青云电厂0号启备变-高
116812115334924143,31321横绥1线,117375065288345316,陕西.榆横变#1站用,117375065288344662,陕西.绥德变1号主变-高
116812115334924148,30835朱绥线,117375065288343981,陕西.朱家变1号主变-高,117375065288344662,陕西.绥德变1号主变-高
116812115334924149,30835朱绥线,117375065288343981,陕西.朱家变1号主变-高,117375065288344662,陕西.绥德变1号主变-高
116812115334924178,30858信上1线,117375065288345320,陕西.信义变#1站用变,117375065288345509,陕西.上苑变1号主变-高
116812115334924179,30858信上1线,117375065288345320,陕西.信义变#1站用变,117375065288345509,陕西.上苑变1号主变-高
116812115334924180,3S2302信美2线,117375065288345320,陕西.信义变#1站用变,117375065288348525,陕西.美玉变2号主变-高
116812115334924181,30859上美2线,117375065288345509,陕西.上苑变1号主变-高,117375065288348525,陕西.美玉变2号主变-高
116812115334924192,30856信渭1线,117375065288345320,陕西.信义变#1站用变,117375065288346683,陕西.泾渭变1号站用变-高
116812115334924193,30856信渭1线,117375065288345320,陕西.信义变#1站用变,117375065288343691,陕西.渭南变1号主变-高
116812115334924194,30857信渭2线,117375065288345320,陕西.信义变#1站用变,117375065288346683,陕西.泾渭变1号站用变-高
116812115334924195,30857信渭2线,117375065288345320,陕西.信义变#1站用变,117375065288343691,陕西.渭南变1号主变-高
116812115334924197,3055禹信1线,117375065288347749,陕西.韩城二厂1号厂用变-高,117375065288345320,陕西.信义变#1站用变
116812115334924198,3056禹信2线,117375065288345320,陕西.信义变#1站用变,117375065288343939,陕西.韩城二厂01A号启备变-高
116812115334924199,3056禹信2线,117375065288347749,陕西.韩城二厂1号厂用变-高,117375065288345320,陕西.信义变#1站用变
116812115334924200,3S2206信潼1线,117375065288345320,陕西.信义变#1站用变,117375065288348203,陕西.潼关变1号主变-高
116812115334924202,3S2207信潼2线,117375065288345320,陕西.信义变#1站用变,117375065288348203,陕西.潼关变1号主变-高
116812115334924218,3095王瑶1线,117375065288344668,陕西.王塬变1号主变-高,117375065288347493,陕西.瑶池电厂0号启备变-高
116812115334924220,3099王大2线,117375065288344668,陕西.王塬变1号主变-高,117375065288343553,陕西.大杨变1号主变-高
116812115334924221,3099大王2线,117375065288343553,陕西.大杨变1号主变-高,117375065288344668,陕西.王塬变1号主变-高
116812115334924222,3096王瑶2线,117375065288344668,陕西.王塬变1号主变-高,117375065288347493,陕西.瑶池电厂0号启备变-高
116812115334924224,30812乾大1线,117375065288345060,陕西.乾县变1号站用变-高,117375065288343553,陕西.大杨变1号主变-高
116812115334924227,30813乾大2线,117375065288345060,陕西.乾县变1号站用变-高,117375065288343553,陕西.大杨变1号主变-高
116812115334924252,30910仓马1线,117375065288343556,陕西.马营变1号主变-高,117375065288344682,陕西.宝鸡热电厂0号启备变-高
116812115334924253,30910仓马1线,117375065288348576,陕西.陈仓变1号主变-高,117375065288343556,陕西.马营变1号主变-高
116812115334924294,30729郝清1线,117375065288344703,陕西.郝家变1号主变-高,117375065288346681,陕西.清水川电厂01号启备变-高
116812115334924295,30729郝清1线,117375065288344703,陕西.郝家变1号主变-高,117375065288346681,陕西.清水川电厂01号启备变-高
116812115334924382,3995硖栖1线,117375065288344996,陕西.硖石变1号主变-高,117375065288346853,陕西.栖凤变1号主变-高
116812115334924383,3S1926汉栖1线,117375065288343676,陕西.汉中变1号主变-高,117375065288346853,陕西.栖凤变1号主变-高
116812115334924385,30923硖汉2线,117375065288344996,陕西.硖石变1号主变-高,117375065288343676,陕西.汉中变1号主变-高
116812115334924386,30924硖汉3线,117375065288344996,陕西.硖石变1号主变-高,117375065288343676,陕西.汉中变1号主变-高
116812115334924388,3097硖马1线,117375065288344996,陕西.硖石变1号主变-高,117375065288343556,陕西.马营变1号主变-高
116812115334924389,3097硖马1线,117375065288344996,陕西.硖石变1号主变-高,117375065288343556,陕西.马营变1号主变-高
116812115334924402,3S2208罗潼线,117375065288343667,陕西.罗敷变1号主变-高,117375065288348203,陕西.潼关变1号主变-高
116812115334924404,31412罗秦3线,117375065288343667,陕西.罗敷变1号主变-高,117375065288343612,陕西.秦岭二厂7号联变-高
116812115334924414,30933雍宝1线,117375065288343585,陕西.雍城变1号主变-高,117375065288345518,陕西.宝鸡换流站#1站用变
116812115334924415,30933雍宝1线,117375065288343585,陕西.雍城变1号主变-高,117375065288345518,陕西.宝鸡换流站#1站用变
116812115334924416,30935宝雍3线,117375065288345518,陕西.宝鸡换流站#1站用变,117375065288343585,陕西.雍城变1号主变-高
116812115334924417,30935宝雍3线,117375065288343585,陕西.雍城变1号主变-高,117375065288343791,陕西.宝鸡二厂0号启备变-高
116812115334924421,30938咸信1线,117375065288345400,陕西.咸林变2号主变-高,117375065288345320,陕西.信义变#1站用变
116812115334924423,30939咸信2线,117375065288345400,陕西.咸林变2号主变-高,117375065288345320,陕西.信义变#1站用变
116812115334924432,30934宝雍2线,117375065288345518,陕西.宝鸡换流站#1站用变,117375065288343585,陕西.雍城变1号主变-高
116812115334924438,3098硖马2线,117375065288344996,陕西.硖石变1号主变-高,117375065288343556,陕西.马营变1号主变-高
116812115334924439,3098硖马2线,117375065288344996,陕西.硖石变1号主变-高,117375065288343556,陕西.马营变1号主变-高
116812115334924440,30925武汉2线,117375065288344609,陕西.武侯变1号主变-高,117375065288343676,陕西.汉中变1号主变-高
116812115334924445,30822长灞1线,117375065288344741,陕西.长乐变1号主变-高,117375065288343857,陕西.灞桥二厂0号启备变-高
116812115334924447,30823长灞2线,117375065288344741,陕西.长乐变1号主变-高,117375065288343857,陕西.灞桥二厂0号启备变-高
116812115334924479,30942麟郭1线,117375065288344753,陕西.麟州变1号主变-高,117375065288347491,陕西.郭家湾电厂0号启备变-高
116812115334924481,30943麟郭2线,117375065288344753,陕西.麟州变1号主变-高,117375065288347491,陕西.郭家湾电厂0号启备变-高
116812115334924482,30940神麟1线,117375065288343628,陕西.神木变1号主变-高,117375065288344753,陕西.麟州变1号主变-高
116812115334924485,30941神麟2线,117375065288343628,陕西.神木变1号主变-高,117375065288344753,陕西.麟州变1号主变-高
116812115334924521,3073代渭线,117375065288344935,陕西.代王变1号主变-高,117375065288346683,陕西.泾渭变1号站用变-高
116812115334924522,3073代渭线,117375065288344935,陕西.代王变1号主变-高,117375065288343691,陕西.渭南变1号主变-高
116812115334924523,3861代泉线,117375065288344935,陕西.代王变1号主变-高,117375065288347087,陕西.万泉变1号主变-高
116812115334924524,31328罗咸2线,117375065288343667,陕西.罗敷变1号主变-高,117375065288345400,陕西.咸林变2号主变-高
116812115334924525,30949代东1线,117375065288344935,陕西.代王变1号主变-高,117375065288343706,陕西.东郊变1号主变-高
116812115334924527,30950代东2线,117375065288344935,陕西.代王变1号主变-高,117375065288343706,陕西.东郊变1号主变-高
116812115334924537,30954池渡2线,117375065288343963,陕西.池阳变1号主变-高,117375065288344799,陕西.古渡变1号主变-高
116812115334924538,30954渡池2线,117375065288344799,陕西.古渡变1号主变-高,117375065288343963,陕西.池阳变1号主变-高
116812115334924579,30936宝硖1线,117375065288345518,陕西.宝鸡换流站#1站用变,117375065288344996,陕西.硖石变1号主变-高
116812115334924581,30937宝硖2线,117375065288345518,陕西.宝鸡换流站#1站用变,117375065288344996,陕西.硖石变1号主变-高
116812115334924589,3106雍新3线,117375065288343585,陕西.雍城变1号主变-高,117375065288346456,陕西.新盛变1号主变-高
116812115334924591,3107仓马2线,117375065288343556,陕西.马营变1号主变-高,117375065288344682,陕西.宝鸡热电厂0号启备变-高
116812115334924592,3107仓马2线,117375065288348576,陕西.陈仓变1号主变-高,117375065288343556,陕西.马营变1号主变-高
116812115334924645,31018顺略2线,117375065288344822,陕西.顺正变1号主变-高,117375065288345553,陕西.略阳电厂1号启备变-高
116812115334924646,31018顺略2线,117375065288344822,陕西.顺正变1号主变-高,117375065288345553,陕西.略阳电厂1号启备变-高
116812115334924659,3078顺武1线,117375065288344822,陕西.顺正变1号主变-高,117375065288344609,陕西.武侯变1号主变-高
116812115334924661,31019顺武2线,117375065288344822,陕西.顺正变1号主变-高,117375065288344609,陕西.武侯变1号主变-高
116812115334924662,31019顺武2线,117375065288344822,陕西.顺正变1号主变-高,117375065288344609,陕西.武侯变1号主变-高
116812115334924703,31020正草1线,117375065288344660,陕西.渭河二厂1号启备变-高,117375065288343951,陕西.草滩变1号主变-高
116812115334924704,31020正草1线,117375065288344822,陕西.顺正变1号主变-高,117375065288343951,陕西.草滩变1号主变-高
116812115334924705,31021正草2线,117375065288344660,陕西.渭河二厂1号启备变-高,117375065288343951,陕西.草滩变1号主变-高
116812115334924706,31021正草2线,117375065288344822,陕西.顺正变1号主变-高,117375065288343951,陕西.草滩变1号主变-高
116812115334924707,3911热澎1线,117375065288347579,陕西.澎王变2号主变-高,117375065288344658,陕西.渭河热电厂0号启备变-高
116812115334924708,3S2108沣澎1线,117375065288347579,陕西.澎王变2号主变-高,117375065288343697,陕西.沣河变1号主变-高
116812115334924709,3962沣热2线,117375065288343697,陕西.沣河变1号主变-高,117375065288344658,陕西.渭河热电厂0号启备变-高
116812115334924710,3962沣热2线,117375065288343697,陕西.沣河变1号主变-高,117375065288344658,陕西.渭河热电厂0号启备变-高
116812115334924740,3S1734沣谷2线,117375065288343697,陕西.沣河变1号主变-高,117375065288346393,陕西.云谷变2号主变-高
116812115334924766,31049禹桢1线,117375065288347749,陕西.韩城二厂1号厂用变-高,117375065288344852,陕西.桢州变1号主变-高
116812115334924767,31049桢禹1线,117375065288344852,陕西.桢州变1号主变-高,117375065288343939,陕西.韩城二厂01A号启备变-高
116812115334924768,31050禹桢2线,117375065288347749,陕西.韩城二厂1号厂用变-高,117375065288344852,陕西.桢州变1号主变-高
116812115334924769,31050桢禹2线,117375065288344852,陕西.桢州变1号主变-高,117375065288343939,陕西.韩城二厂01A号启备变-高
116812115334924798,3171洛现1线,117375065288345312,陕西.洛川变#1站用,117375065288346132,陕西.吉现变1号主变-高
116812115334924799,3112黄现1线,117375065288343568,陕西.黄陵变1号主变-高,117375065288346132,陕西.吉现变1号主变-高
116812115334924800,3172洛现2线,117375065288345312,陕西.洛川变#1站用,117375065288346132,陕西.吉现变1号主变-高
116812115334924801,3113黄现2线,117375065288343568,陕西.黄陵变1号主变-高,117375065288346132,陕西.吉现变1号主变-高
116812115334924866,31637朱地线,117375065288343981,陕西.朱家变1号主变-高,117375065288347743,陕西.圣地电厂1号厂用变-高
116812115334924870,3941延洛1线,117375065288344910,陕西.延安变1号主变-高,117375065288345312,陕西.洛川变#1站用
116812115334924872,3053洛延2线,117375065288345312,陕西.洛川变#1站用,117375065288344910,陕西.延安变1号主变-高
116812115334924873,3053洛延2线,117375065288344910,陕西.延安变1号主变-高,117375065288345312,陕西.洛川变#1站用
116812115334924874,30540统方线,117375065288346459,陕西.统万变1号主变-高,117375065288347410,陕西.方河变2号主变-高
116812115334924875,3S1902延方线,117375065288344910,陕西.延安变1号主变-高,117375065288347410,陕西.方河变2号主变-高
116812115334924896,31125横统1线,117375065288345316,陕西.榆横变#1站用,117375065288346459,陕西.统万变1号主变-高
116812115334924897,31125横统1线,117375065288346459,陕西.统万变1号主变-高,117375065288345316,陕西.榆横变#1站用
116812115334924900,31321横绥1线,117375065288345316,陕西.榆横变#1站用,117375065288344662,陕西.绥德变1号主变-高
116812115334924902,31322横绥2线,117375065288345316,陕西.榆横变#1站用,117375065288344662,陕西.绥德变1号主变-高
116812115334924903,31322横绥2线,117375065288345316,陕西.榆横变#1站用,117375065288344662,陕西.绥德变1号主变-高
116812115334924910,31117横龙2线,117375065288345316,陕西.榆横变#1站用,117375065288347576,陕西.龙泉变1号主变-高
116812115334924911,31117龙横2线,117375065288347576,陕西.龙泉变1号主变-高,117375065288345316,陕西.榆横变#1站用
116812115334924973,31140盛余1线,117375065288346456,陕西.新盛变1号主变-高,117375065288343933,陕西.户县二厂0号启备变-高
116812115334924975,31141盛余2线,117375065288346456,陕西.新盛变1号主变-高,117375065288343933,陕西.户县二厂0号启备变-高
116812115334924976,31141盛余2线,117375065288346456,陕西.新盛变1号主变-高,117375065288347589,陕西.户县二厂1号厂用变-高
116812115334924977,30527盛寨1线,117375065288346456,陕西.新盛变1号主变-高,117375065288343966,陕西.河寨变1号主变-高
116812115334924979,30611盛寨2线,117375065288346456,陕西.新盛变1号主变-高,117375065288343966,陕西.河寨变1号主变-高
116812115334924980,30611盛寨2线,117375065288343966,陕西.河寨变1号主变-高,117375065288346456,陕西.新盛变1号主变-高
116812115334925045,31119当沙2线,117375065288344962,陕西.大保当变1号主变-高,117375065288346879,陕西.沙井变2号主变-高
116812115334925046,31118当沙1线,117375065288344962,陕西.大保当变1号主变-高,117375065288346879,陕西.沙井变2号主变-高
116812115334925047,3008当滩1线,117375065288344962,陕西.大保当变1号主变-高,117375065288348473,陕西.曹家滩变1号主变-高
116812115334925048,30541当滩2线,117375065288344962,陕西.大保当变1号主变-高,117375065288348473,陕西.曹家滩变1号主变-高
116812115334925049,30945龙榆线,117375065288347576,陕西.龙泉变1号主变-高,117375065288343598,陕西.榆林变1号主变-高
116812115334925050,30945龙榆线,117375065288343598,陕西.榆林变1号主变-高,117375065288347576,陕西.龙泉变1号主变-高
116812115334925051,31116龙横1线,117375065288347576,陕西.龙泉变1号主变-高,117375065288345316,陕西.榆横变#1站用
116812115334925052,31116横龙1线,117375065288345316,陕西.榆横变#1站用,117375065288347576,陕西.龙泉变1号主变-高
116812115334925066,30937硖宝2线,117375065288344996,陕西.硖石变1号主变-高,117375065288345518,陕西.宝鸡换流站#1站用变
116812115334925169,30622延地线,117375065288344910,陕西.延安变1号主变-高,117375065288347495,陕西.圣地电厂0号启备变-高
116812115334925270,3S1814化泾线,117375065288345394,陕西.煤化变1号主变-高,117375065288346683,陕西.泾渭变1号站用变-高
116812115334925272,3134化蒲1线,117375065288345394,陕西.煤化变1号主变-高,117375065288343823,陕西.蒲城电厂1号甲启备变-高
116812115334925278,3S2312咸泉线,117375065288345400,陕西.咸林变2号主变-高,117375065288348832,陕西.灵泉变1号主变-高
116812115334925280,3822咸东1线,117375065288345400,陕西.咸林变2号主变-高,117375065288343706,陕西.东郊变1号主变-高
116812115334925286,31327咸罗1线,117375065288345400,陕西.咸林变2号主变-高,117375065288343667,陕西.罗敷变1号主变-高
116812115334925288,31328咸罗2线,117375065288345400,陕西.咸林变2号主变-高,117375065288343667,陕西.罗敷变1号主变-高
116812115334925294,31412秦罗3线,117375065288343612,陕西.秦岭二厂7号联变-高,117375065288343667,陕西.罗敷变1号主变-高
116812115334925296,3S2209秦潼线,117375065288343612,陕西.秦岭二厂7号联变-高,117375065288348203,陕西.潼关变1号主变-高
116812115334925300,3984横云1线,117375065288345316,陕西.榆横变#1站用,117375065288346358,陕西.青云电厂0号启备变-高
116812115334925366,31413香太1线,117375065288345499,陕西.香溪变1号主变-高,117375065288347775,陕西.太极城水电厂1号主变-高
116812115334925367,3S2112金太1线,117375065288344573,陕西.金州变1号主变-高,117375065288347775,陕西.太极城水电厂1号主变-高
116812115334925368,31414香金2线,117375065288345499,陕西.香溪变1号主变-高,117375065288344573,陕西.金州变1号主变-高
116812115334925369,31414金香2线,117375065288344573,陕西.金州变1号主变-高,117375065288345499,陕西.香溪变1号主变-高
116812115334925405,39811段归1线,117375065288343652,陕西.段家变1号主变-高,117375065288346275,陕西.归心变1号主变-高
116812115334925415,31498盛山2线,117375065288346456,陕西.新盛变1号主变-高,117375065288348943,陕西.关山变1号主变-高
116812115334925416,31498山盛2线,117375065288349008,陕西.南山变1号主变,117375065288346456,陕西.新盛变1号主变-高
116812115334925417,31497盛山1线,117375065288346456,陕西.新盛变1号主变-高,117375065288348943,陕西.关山变1号主变-高
116812115334925418,31497山盛1线,117375065288349008,陕西.南山变1号主变,117375065288346456,陕西.新盛变1号主变-高
116812115334925419,31499城山1线,117375065288345538,陕西.星城变1号主变-高,117375065288349008,陕西.南山变1号主变
116812115334925421,314100城山2线,117375065288345538,陕西.星城变1号主变-高,117375065288349008,陕西.南山变1号主变
116812115334925423,30610城南1线,117375065288345538,陕西.星城变1号主变-高,117375065288343746,陕西.南郊变1号主变-高
116812115334925425,3S2102城南2线,117375065288345538,陕西.星城变1号主变-高,117375065288343746,陕西.南郊变1号主变-高
116812115334925431,31499山城1线,117375065288349008,陕西.南山变1号主变,117375065288345538,陕西.星城变1号主变-高
116812115334925436,31524滈山1线,117375065288349009,陕西.滈河变1号主变,117375065288349008,陕西.南山变1号主变
116812115334925437,31525滈山2线,117375065288349009,陕西.滈河变1号主变,117375065288349008,陕西.南山变1号主变
116812115334925469,314102咸鹤1线,117375065288345400,陕西.咸林变2号主变-高,117375065288346015,陕西.鹤城变1号主变-高
116812115334925470,3S1802张江1线,117375065288343731,陕西.张村变1号主变-高,117375065288346519,陕西.丹江电厂0号启备变-高
116812115334925474,3153黄沮1线,117375065288343568,陕西.黄陵变1号主变-高,117375065288345635,陕西.沮河电厂0号启备变-高
116812115334925477,3154黄沮2线,117375065288343568,陕西.黄陵变1号主变-高,117375065288345635,陕西.沮河电厂0号启备变-高
116812115334925509,3S1810统夏2线,117375065288346459,陕西.统万变1号主变-高,117375065288346599,陕西.夏州变1号站用变-高
116812115334925510,3S1809边夏2线,117375065288345637,陕西.定边变1号主变-高,117375065288346599,陕西.夏州变1号站用变-高
116812115334925511,3155统夏1线,117375065288346459,陕西.统万变1号主变-高,117375065288346599,陕西.夏州变1号站用变-高
116812115334925512,3S1808边夏1线,117375065288345637,陕西.定边变1号主变-高,117375065288346599,陕西.夏州变1号站用变-高
116812115334925547,31513凌段线,117375065288345673,陕西.杨凌热电厂1号启备变-高,117375065288343652,陕西.段家变1号主变-高
116812115334925549,31514凌庄1线,117375065288345673,陕西.杨凌热电厂1号启备变-高,117375065288343634,陕西.庄头变1号主变-高
116812115334925551,31515凌庄2线,117375065288345673,陕西.杨凌热电厂1号启备变-高,117375065288343634,陕西.庄头变1号主变-高
116812115334925553,31496凌汤线,117375065288345673,陕西.杨凌热电厂1号启备变-高,117375065288343617,陕西.汤峪变1号主变-高
116812115334925589,3821西高线,117375065288344593,陕西.西庄变1号主变-高,117375065288343712,陕西.高明变1号主变-高
116812115334925591,31523西禹2线,117375065288344593,陕西.西庄变1号主变-高,117375065288343939,陕西.韩城二厂01A号启备变-高
116812115334925613,31533郝元线,117375065288344703,陕西.郝家变1号主变-高,117375065288345719,陕西.新元洁能电厂0号启备变-高
116812115334925614,31533元郝线,117375065288345719,陕西.新元洁能电厂0号启备变-高,117375065288344703,陕西.郝家变1号主变-高
116812115334925646,3S2298滈南临线,117375065288349009,陕西.滈河变1号主变,117375065288343746,陕西.南郊变1号主变-高
116812115334925647,31527上滈2线,117375065288345837,陕西.滈河变1号主变-高,117375065288345509,陕西.上苑变1号主变-高
116812115334925648,31527滈上2线,117375065288349009,陕西.滈河变1号主变,117375065288345509,陕西.上苑变1号主变-高
116812115334925677,31636边尖线,117375065288345637,陕西.定边变1号主变-高,117375065288346247,陕西.尖山变2号主变-高
116812115334925678,3S1807渠夏线,117375065288346599,陕西.夏州变1号站用变-高,117375065288346599,陕西.夏州变1号站用变-高
116812115334925741,31610柳锦2线,117375065288346462,陕西.西柳变1号动力变-高,117375065288345865,陕西.锦阳电厂1号启备变-高
116812115334925742,31610柳锦2线,117375065288346462,陕西.西柳变1号动力变-高,117375065288345865,陕西.锦阳电厂1号启备变-高
116812115334925765,3793柳塬1线,117375065288346462,陕西.西柳变1号动力变-高,117375065288343990,陕西.东塬变1号主变-高
116812115334925783,3156永夏1线,117375065288348217,陕西.永康变1号主变-高,117375065288346599,陕西.夏州变1号站用变-高
116812115334925827,31615素当线,117375065288346301,陕西.乌素变1号主变-高,117375065288344962,陕西.大保当变1号主变-高
116812115334925828,31615当素线,117375065288344962,陕西.大保当变1号主变-高,117375065288346301,陕西.乌素变1号主变-高
116812115334925877,31616当漠线,117375065288344962,陕西.大保当变1号主变-高,117375065288346102,陕西.漠海变3号主变-高
116812115334925878,31616漠当线,117375065288346102,陕西.漠海变3号主变-高,117375065288344962,陕西.大保当变1号主变-高
116812115334925883,3S1815富腾1线,117375065288346003,陕西.富平变1号主变-高,117375065288348255,陕西.腾飞变2号主变-高
116812115334925885,3S1816富泾2线,117375065288346003,陕西.富平变1号主变-高,117375065288346683,陕西.泾渭变1号站用变-高
116812115334925887,3163富蒲1线,117375065288346003,陕西.富平变1号主变-高,117375065288343823,陕西.蒲城电厂1号甲启备变-高
116812115334925911,314102鹤咸1线,117375065288346015,陕西.鹤城变1号主变-高,117375065288345400,陕西.咸林变2号主变-高
116812115334925913,31620鹤香线,117375065288346015,陕西.鹤城变1号主变-高,117375065288345499,陕西.香溪变1号主变-高
116812115334925915,3S1801鹤江线,117375065288346015,陕西.鹤城变1号主变-高,117375065288346519,陕西.丹江电厂0号启备变-高
116812115334926039,3112现黄1线,117375065288346132,陕西.吉现变1号主变-高,117375065288343568,陕西.黄陵变1号主变-高
116812115334926043,3171现洛1线,117375065288346132,陕西.吉现变1号主变-高,117375065288345312,陕西.洛川变#1站用
116812115334926069,31621玄草1线,117375065288348618,陕西.玄武变1号主变-高,117375065288343951,陕西.草滩变1号主变-高
116812115334926071,3862玄北1线,117375065288348618,陕西.玄武变1号主变-高,117375065288343737,陕西.北郊变1号主变-高
116812115334926139,31757墩义1线,117375065288346338,陕西.光义变1号主变-高,117375065288348233,陕西.元墩变1号主变-高
116812115334926151,31129墩武1线,117375065288348233,陕西.元墩变1号主变-高,117375065288344609,陕西.武侯变1号主变-高
116812115334926158,30622地延线,117375065288347495,陕西.圣地电厂0号启备变-高,117375065288344910,陕西.延安变1号主变-高
116812115334926160,31637地朱线,117375065288347495,陕西.圣地电厂0号启备变-高,117375065288343981,陕西.朱家变1号主变-高
116812115334926167,31732乾骆1线,117375065288345060,陕西.乾县变1号站用变-高,117375065288348569,陕西.古骆变1号主变-高
116812115334926168,31732骆乾1线,117375065288348569,陕西.古骆变1号主变-高,117375065288345060,陕西.乾县变1号站用变-高
116812115334926171,31537尖夏线,117375065288346247,陕西.尖山变2号主变-高,117375065288346599,陕西.夏州变1号站用变-高
116812115334926173,31636尖边线,117375065288346247,陕西.尖山变2号主变-高,117375065288345637,陕西.定边变1号主变-高
116812115334926175,31646尖樊线,117375065288346247,陕西.尖山变2号主变-高,117375065288346360,陕西.樊学变1号主变-高
116812115334926176,31646尖樊线,117375065288346360,陕西.樊学变1号主变-高,117375065288346247,陕西.尖山变2号主变-高
116812115334926185,31730归段2线,117375065288346275,陕西.归心变1号主变-高,117375065288343652,陕西.段家变1号主变-高
116812115334926187,31729归雍线,117375065288346275,陕西.归心变1号主变-高,117375065288343585,陕西.雍城变1号主变-高
116812115334926191,3S2305归陈线,117375065288346275,陕西.归心变1号主变-高,117375065288348576,陕西.陈仓变1号主变-高
116812115334926263,3S1730云榆1线,117375065288346358,陕西.青云电厂0号启备变-高,117375065288343598,陕西.榆林变1号主变-高
116812115334926265,3984云横1线,117375065288346358,陕西.青云电厂0号启备变-高,117375065288346358,陕西.青云电厂0号启备变-高
116812115334926336,3865谷庄1线,117375065288346393,陕西.云谷变2号主变-高,117375065288343634,陕西.庄头变1号主变-高
116812115334926340,3S1734谷沣2线,117375065288346393,陕西.云谷变2号主变-高,117375065288343697,陕西.沣河变1号主变-高
116812115334926344,3S1735谷瑞1线,117375065288346393,陕西.云谷变2号主变-高,117375065288348271,陕西.瑞良变2号主变-高
116812115334926345,3S2210乾瑞1线,117375065288345060,陕西.乾县变1号站用变-高,117375065288348271,陕西.瑞良变2号主变-高
116812115334926400,31727聂怀1线,117375065288344021,陕西.聂刘变1号主变-高,117375065288346431,陕西.怀德电厂0号启备变-高
116812115334926401,31727怀聂1线,117375065288346431,陕西.怀德电厂0号启备变-高,117375065288344021,陕西.聂刘变1号主变-高
116812115334926424,3S1737延朱线,117375065288344910,陕西.延安变1号主变-高,117375065288343981,陕西.朱家变1号主变-高
116812115334926425,3S1737朱延线,117375065288343981,陕西.朱家变1号主变-高,117375065288344910,陕西.延安变1号主变-高
116812115334926490,3S1801江鹤线,117375065288346519,陕西.丹江电厂0号启备变-高,117375065288346015,陕西.鹤城变1号主变-高
116812115334926492,3S1802江张1线,117375065288346519,陕西.丹江电厂0号启备变-高,117375065288343731,陕西.张村变1号主变-高
116812115334926493,31617张鹤1线,117375065288343731,陕西.张村变1号主变-高,117375065288346015,陕西.鹤城变1号主变-高
116812115334926514,3S1805游宝1线,117375065288346561,陕西.麟游电厂0号启备变-高,117375065288345518,陕西.宝鸡换流站#1站用变
116812115334926515,3S1805宝游1线,117375065288345518,陕西.宝鸡换流站#1站用变,117375065288346561,陕西.麟游电厂0号启备变-高
116812115334926536,31517郡郝线,117375065288346565,陕西.上郡变1号主变-高,117375065288344703,陕西.郝家变1号主变-高
116812115334926538,30711郡神线,117375065288346565,陕西.上郡变1号主变-高,117375065288343628,陕西.神木变1号主变-高
116812115334926552,3S1807夏渠线,117375065288347255,陕西.路渠变1号主变-高,117375065288346599,陕西.夏州变1号站用变-高
116812115334926554,31537夏尖线,117375065288346599,陕西.夏州变1号站用变-高,117375065288346247,陕西.尖山变2号主变-高
116812115334926556,3S1808夏边1线,117375065288346599,陕西.夏州变1号站用变-高,117375065288345637,陕西.定边变1号主变-高
116812115334926560,3156夏永1线,117375065288346599,陕西.夏州变1号站用变-高,117375065288348217,陕西.永康变1号主变-高
116812115334926564,3155夏统1线,117375065288346599,陕西.夏州变1号站用变-高,117375065288346459,陕西.统万变1号主变-高
116812115334926568,3S1804边公线,117375065288345637,陕西.定边变1号主变-高,117375065288347827,陕西.公布井变1号主变-高
116812115334926569,3S1804公边线,117375065288347827,陕西.公布井变1号主变-高,117375065288345637,陕西.定边变1号主变-高
116812115334926605,3S1811泾聂1线,117375065288346683,陕西.泾渭变1号站用变-高,117375065288344021,陕西.聂刘变1号主变-高
116812115334926611,3S1922泾奥1线,117375065288346683,陕西.泾渭变1号站用变-高,117375065288346886,陕西.奥体变1号主变-高
116812115334926615,3S2203泾腾1线,117375065288346683,陕西.泾渭变1号站用变-高,117375065288348255,陕西.腾飞变2号主变-高
116812115334926617,3S1816泾富2线,117375065288346683,陕西.泾渭变1号站用变-高,117375065288346003,陕西.富平变1号主变-高
116812115334926623,3S1814泾化线,117375065288346683,陕西.泾渭变1号站用变-高,117375065288345394,陕西.煤化变1号主变-高
116812115334926631,3S2205泾玄2线,117375065288346683,陕西.泾渭变1号站用变-高,117375065288348618,陕西.玄武变1号主变-高
116812115334926634,3S2204泾玄1(泾林段)线,117375065288346683,陕西.泾渭变1号站用变-高,117375065288349010,陕西.林溪林溪高抗站
116812115334926695,3S1907洛壶2线,117375065288345312,陕西.洛川变#1站用,117375065288347835,陕西.壶口变1号主变-高
116812115334926701,3S1903朱肤1线,117375065288343981,陕西.朱家变1号主变-高,117375065288346777,陕西.肤施变1号主变-高
116812115334926702,3S1903肤朱1线,117375065288346777,陕西.肤施变1号主变-高,117375065288343981,陕西.朱家变1号主变-高
116812115334926705,3S1910方崖牵1线,117375065288347410,陕西.方河变2号主变-高,117375065288344910,陕西.延安变1号主变-高
116812115334926711,30540方统线,117375065288347410,陕西.方河变2号主变-高,117375065288346459,陕西.统万变1号主变-高
116812115334926713,3S1905肤壶1线,117375065288346777,陕西.肤施变1号主变-高,117375065288347835,陕西.壶口变1号主变-高
116812115334926714,3S1905壶肤1线,117375065288347835,陕西.壶口变1号主变-高,117375065288346777,陕西.肤施变1号主变-高
116812115334926727,3S1901方永1线,117375065288347410,陕西.方河变2号主变-高,117375065288348217,陕西.永康变1号主变-高
116812115334926785,3S1901永方1线,117375065288348217,陕西.永康变1号主变-高,117375065288347410,陕西.方河变2号主变-高
116812115334926798,3S2101乐林1线,117375065288346827,陕西.乐天电厂0号启备变-高,117375065288349010,陕西.林溪林溪高抗站
116812115334926800,3S1920乐渭1线,117375065288346827,陕西.乐天电厂0号启备变-高,117375065288343691,陕西.渭南变1号主变-高
116812115334926804,30524乐北2线,117375065288346827,陕西.乐天电厂0号启备变-高,117375065288343737,陕西.北郊变1号主变-高
116812115334926836,3S1906壶洛1线,117375065288347835,陕西.壶口变1号主变-高,117375065288345312,陕西.洛川变#1站用
116812115334926839,3995栖硖1线,117375065288346853,陕西.栖凤变1号主变-高,117375065288344996,陕西.硖石变1号主变-高
116812115334926841,3S1926栖汉1线,117375065288346853,陕西.栖凤变1号主变-高,117375065288343676,陕西.汉中变1号主变-高
116812115334926859,3S1929山训3线,117375065288349008,陕西.南山变1号主变,117375065288346865,陕西.训善变1号主变-高
116812115334926860,3S1929训山3线,117375065288346865,陕西.训善变1号主变-高,117375065288349008,陕西.南山变1号主变
116812115334926897,31118沙当1线,117375065288346879,陕西.沙井变2号主变-高,117375065288344962,陕西.大保当变1号主变-高
116812115334926901,3S2016沙凯1线,117375065288346879,陕西.沙井变2号主变-高,117375065288348643,陕西.凯歌变1号主变-高
116812115334926975,3S1922奥泾1线,117375065288346886,陕西.奥体变1号主变-高,117375065288346683,陕西.泾渭变1号站用变-高
116812115334926979,30830奥北1线,117375065288346886,陕西.奥体变1号主变-高,117375065288343737,陕西.北郊变1号主变-高
116812115334927045,3S2012稷乾2线,117375065288347015,陕西.后稷变2号主变-高,117375065288345060,陕西.乾县变1号站用变-高
116812115334927046,3S2012乾稷2线,117375065288345060,陕西.乾县变1号站用变-高,117375065288347015,陕西.后稷变2号主变-高
116812115334927059,3S2004月喜线,117375065288347030,陕西.月河变1号主变-高,117375065288343972,陕西.喜河电厂1号主变-高
116812115334927063,31732安康1线,117375065288347030,陕西.月河变1号主变-高,117375065288343836,陕西.安康电厂1号主变-高
116812115334927085,3S2013曹夏1线,117375065288347042,陕西.曹城变1号主变-高,117375065288346599,陕西.夏州变1号站用变-高
116812115334927086,3S2013夏曹1线,117375065288346599,陕西.夏州变1号站用变-高,117375065288347042,陕西.曹城变1号主变-高
116812115334927129,3S2099万桥线,117375065288347087,陕西.万泉变1号主变-高,117375065288343562,陕西.桥陵变1号主变-高
116812115334927131,30620万蒲线,117375065288347087,陕西.万泉变1号主变-高,117375065288343823,陕西.蒲城电厂1号甲启备变-高
116812115334927191,3S2303朔凯1线,117375065288347139,陕西.朔方变1号站用变-高,117375065288348643,陕西.凯歌变1号主变-高
116812115334927195,3S1924朔神1线,117375065288347139,陕西.朔方变1号站用变-高,117375065288343628,陕西.神木变1号主变-高
116812115334927199,3S2113朔郡线,117375065288347139,陕西.朔方变1号站用变-高,117375065288346565,陕西.上郡变1号主变-高
116812115334927200,3S2113郡朔线,117375065288346565,陕西.上郡变1号主变-高,117375065288347139,陕西.朔方变1号站用变-高
116812115334927233,3S2015永白2线,117375065288348217,陕西.永康变1号主变-高,117375065288347398,陕西.白石变2号主变-高
116812115334927234,3S2015白永2线,117375065288347398,陕西.白石变2号主变-高,117375065288348217,陕西.永康变1号主变-高
116812115334927430,3S2101林乐1线,117375065288349010,陕西.林溪林溪高抗站,117375065288346827,陕西.乐天电厂0号启备变-高
116812115334927432,3866林北1线,117375065288349010,陕西.林溪林溪高抗站,117375065288343737,陕西.北郊变1号主变-高
116812115334927455,30830奥北1(奥林段)线,117375065288346886,陕西.奥体变1号主变-高,117375065288349010,陕西.林溪林溪高抗站
116812115334927487,3S2019屏香1线,117375065288347497,陕西.锦屏变1号主变-高,117375065288345499,陕西.香溪变1号主变-高
116812115334927488,3S2019香屏1线,117375065288345499,陕西.香溪变1号主变-高,117375065288347497,陕西.锦屏变1号主变-高
116812115334927495,3S2103寨训1线,117375065288343966,陕西.河寨变1号主变-高,117375065288346865,陕西.训善变1号主变-高
116812115334927654,3S2110澎池1线,117375065288346865,陕西.训善变1号主变-高,117375065288343963,陕西.池阳变1号主变-高
116812115334927669,3S2108澎沣1线,117375065288346865,陕西.训善变1号主变-高,117375065288343697,陕西.沣河变1号主变-高
116812115334927677,3911澎热1线,117375065288346865,陕西.训善变1号主变-高,117375065288344658,陕西.渭河热电厂0号启备变-高
116812115334927905,3S2115春信1线,117375065288347840,陕西.春光变1号主变-高,117375065288345320,陕西.信义变#1站用变
116812115334927906,3S2115信春1线,117375065288345320,陕西.信义变#1站用变,117375065288347840,陕西.春光变1号主变-高
116812115334928177,3S2201红寨1线,117375065288348220,陕西.红光变1号主变-高,117375065288343966,陕西.河寨变1号主变-高
116812115334928178,3S2201寨红1线,117375065288343966,陕西.河寨变1号主变-高,117375065288348220,陕西.红光变1号主变-高
116812115334928183,31534元郡线,117375065288345719,陕西.新元洁能电厂0号启备变-高,117375065288346565,陕西.上郡变1号主变-高
116812115334928184,31534郡元线,117375065288346565,陕西.上郡变1号主变-高,117375065288345719,陕西.新元洁能电厂0号启备变-高
116812115334928223,3S2206潼信1线,117375065288348203,陕西.潼关变1号主变-高,117375065288345320,陕西.信义变#1站用变
116812115334928231,3S2209潼秦线,117375065288348203,陕西.潼关变1号主变-高,117375065288343612,陕西.秦岭二厂7号联变-高
116812115334928233,3S2208潼罗线,117375065288348203,陕西.潼关变1号主变-高,117375065288343667,陕西.罗敷变1号主变-高
116812115334928264,3S2205玄泾2线,117375065288348618,陕西.玄武变1号主变-高,117375065288346683,陕西.泾渭变1号站用变-高
116812115334928393,3S2205泾玄2(玄林段)线,117375065288348618,陕西.玄武变1号主变-高,117375065288349010,陕西.林溪林溪高抗站
116812115334928417,3S2203腾泾1线,117375065288348255,陕西.腾飞变2号主变-高,117375065288346683,陕西.泾渭变1号站用变-高
116812115334928419,3S1815腾富1线,117375065288348255,陕西.腾飞变2号主变-高,117375065288346003,陕西.富平变1号主变-高
116812115334928471,3S2210瑞乾1线,117375065288348271,陕西.瑞良变2号主变-高,117375065288345060,陕西.乾县变1号站用变-高
116812115334928475,3S1735瑞谷1线,117375065288348271,陕西.瑞良变2号主变-高,117375065288346393,陕西.云谷变2号主变-高
116812115334928479,3S2212瑞渡线,117375065288348271,陕西.瑞良变2号主变-高,117375065288344799,陕西.古渡变1号主变-高
116812115334928480,3S2212渡瑞线,117375065288344799,陕西.古渡变1号主变-高,117375065288348271,陕西.瑞良变2号主变-高
116812115334928500,3S2106聂桃2线,117375065288344021,陕西.聂刘变1号主变-高,117375065288345009,陕西.桃曲变1号主变-高
116812115334928508,3066牧洋1线,117375065288348333,陕西.牧马河变1号主变-高,117375065288343661,陕西.洋县变1号主变-高
116812115334928511,3S2213牧喜线,117375065288348333,陕西.牧马河变1号主变-高,117375065288343972,陕西.喜河电厂1号主变-高
116812115334928540,30712正池线,117375065288344660,陕西.渭河二厂1号启备变-高,117375065288343963,陕西.池阳变1号主变-高
116812115334928542,3S2107正聂线,117375065288344660,陕西.渭河二厂1号启备变-高,117375065288344021,陕西.聂刘变1号主变-高
116812115334928597,3S2398滩榆1线,117375065288348473,陕西.曹家滩变1号主变-高,117375065288343598,陕西.榆林变1号主变-高
116812115334928600,30541榆当2线,117375065288343598,陕西.榆林变1号主变-高,117375065288344962,陕西.大保当变1号主变-高
116812115334928601,30541滩当2线,117375065288348473,陕西.曹家滩变1号主变-高,117375065288344962,陕西.大保当变1号主变-高
116812115334928605,3S2394滩拉线,117375065288348473,陕西.曹家滩变1号主变-高,117375065288348993,陕西.石拉界变1号主变-高
116812115334928607,3S2395滩摆线,117375065288348473,陕西.曹家滩变1号主变-高,117375065288348970,陕西.摆言变1号主变-高
116812115334928637,3S2301泰蒲线,117375065288348485,陕西.泰陵变1号主变-高,117375065288343823,陕西.蒲城电厂1号甲启备变-高
116812115334928638,3S2301蒲泰线,117375065288347779,陕西.蒲城电厂1号厂用变-高,117375065288348485,陕西.泰陵变1号主变-高
116812115334928643,30859美上2线,117375065288348525,陕西.美玉变2号主变-高,117375065288345509,陕西.上苑变1号主变-高
116812115334928645,3S2302美信2线,117375065288348525,陕西.美玉变2号主变-高,117375065288345320,陕西.信义变#1站用变
116812115334928719,3S2306陈雍1线,117375065288348576,陕西.陈仓变1号主变-高,117375065288343585,陕西.雍城变1号主变-高
116812115334928727,3S2305陈归线,117375065288348576,陕西.陈仓变1号主变-高,117375065288346275,陕西.归心变1号主变-高
116812115334928791,3S2303凯朔1线,117375065288348643,陕西.凯歌变1号主变-高,117375065288347139,陕西.朔方变1号站用变-高
116812115334928795,3S2016凯沙1线,117375065288348643,陕西.凯歌变1号主变-高,117375065288346879,陕西.沙井变2号主变-高
116812115334928845,3S2308五春线,117375065288348679,陕西.五泉变1号主变-高,117375065288347840,陕西.春光变1号主变-高
116812115334928846,3S2308春五线,117375065288347840,陕西.春光变1号主变-高,117375065288348679,陕西.五泉变1号主变-高
116812115334928854,3S2309山阳1线,117375065288349008,陕西.南山变1号主变,117375065288345553,陕西.略阳电厂1号启备变-高
116812115334928903,榆林南1线,117375065288345316,陕西.榆横变#1站用,117375065288343598,陕西.榆林变1号主变-高
116812115334928929,30858泉信1线,117375065288348832,陕西.灵泉变1号主变-高,117375065288345320,陕西.信义变#1站用变
116812115334928930,30858泉信1线,117375065288347087,陕西.万泉变1号主变-高,117375065288345320,陕西.信义变#1站用变
116812115334928933,3S2314泉美2线,117375065288348832,陕西.灵泉变1号主变-高,117375065288348525,陕西.美玉变2号主变-高
116812115334928934,3S2314美泉2线,117375065288348525,陕西.美玉变2号主变-高,117375065288348832,陕西.灵泉变1号主变-高
116812115334928935,3S2313泉上1线,117375065288348832,陕西.灵泉变1号主变-高,117375065288345509,陕西.上苑变1号主变-高
116812115334928936,3S2313上泉1线,117375065288345509,陕西.上苑变1号主变-高,117375065288343827,陕西.石泉电厂1号主变-高
116812115334928937,3S2312泉咸线,117375065288348832,陕西.灵泉变1号主变-高,117375065288345400,陕西.咸林变2号主变-高
116812115334928939,3861泉代线,117375065288348832,陕西.灵泉变1号主变-高,117375065288344935,陕西.代王变1号主变-高
116812115334929023,3S2311关宝线,117375065288348943,陕西.关山变1号主变-高,117375065288345518,陕西.宝鸡换流站#1站用变
116812115334929024,3S2311宝关线,117375065288345518,陕西.宝鸡换流站#1站用变,117375065288348943,陕西.关山变1号主变-高
116812115334929037,3S2315梁朱1线,117375065288348960,陕西.梁家和变2号主变-高,117375065288343981,陕西.朱家变1号主变-高
116812115334929038,3S2315朱梁1线,117375065288343981,陕西.朱家变1号主变-高,117375065288348960,陕西.梁家和变2号主变-高
116812115334929041,30835梁绥线,117375065288348960,陕西.梁家和变2号主变-高,117375065288344662,陕西.绥德变1号主变-高
116812115334929042,30835绥梁线,117375065288344662,陕西.绥德变1号主变-高,117375065288348960,陕西.梁家和变2号主变-高
116812115334929071,3S2395摆滩线,117375065288348970,陕西.摆言变1号主变-高,117375065288348473,陕西.曹家滩变1号主变-高
116812115334929073,3S2394拉滩线,117375065288348993,陕西.石拉界变1号主变-高,117375065288348473,陕西.曹家滩变1号主变-高
116812115334929075,3S2401慧正线,117375065288349004,陕西.昭慧变2号主变-高,117375065288344822,陕西.顺正变1号主变-高
116812115334929076,3S2401慧正线,117375065288349004,陕西.昭慧变2号主变-高,117375065288344660,陕西.渭河二厂1号启备变-高
116812115334929077,3S2107慧聂线,117375065288349004,陕西.昭慧变2号主变-高,117375065288344021,陕西.聂刘变1号主变-高
116812115334929079,3S2402慧泾1线,117375065288349004,陕西.昭慧变2号主变-高,117375065288346683,陕西.泾渭变1号站用变-高
116812115334922251,3864马陈2线,117375065288343556,陕西.马营变1号主变-高,117375065288348576,陕西.陈仓变1号主变-高
116812115334924326,7091彬乾1线,115967690404798226,陕西.彬长电厂#1机组厂高变等值负荷,117375065288345060,陕西.乾县变1号站用变-高
116812115334924329,7092乾彬2线,117375065288345060,陕西.乾县变1号站用变-高,115967690404798226,陕西.彬长电厂#1机组厂高变等值负荷
116812115334924513,7099乾宝1线,117375065288345060,陕西.乾县变1号站用变-高,117375065288345518,陕西.宝鸡换流站#1站用变
116812115334924585,7101乾泾1线,117375065288345060,陕西.乾县变1号站用变-高,117375065288346683,陕西.泾渭变1号站用变-高
116812115334924808,7112洛信2线,117375065288345312,陕西.洛川变#1站用,117375065288345320,陕西.信义变#1站用变
116812115334924886,7118洛横2线,117375065288345312,陕西.洛川变#1站用,117375065288345316,陕西.榆横变#1站用
116812115334924892,7119信秦线,117375065288345320,陕西.信义变#1站用变,117375065288343612,陕西.秦岭二厂7号联变-高
116812115334925412,71411宝山1线,117375065288345518,陕西.宝鸡换流站#1站用变,117375065288349008,陕西.南山变1号主变
116812115334925413,71412山信1线,117375065288349008,陕西.南山变1号主变,117375065288345320,陕西.信义变#1站用变
116812115334925414,71412信山1线,117375065288345320,陕西.信义变#1站用变,117375065288349008,陕西.南山变1号主变
116812115334925545,72017横朔1线,117375065288345316,陕西.榆横变#1站用,117375065288347139,陕西.朔方变1号站用变-高
116812115334925546,7156店朔线,115967690404798288,陕西.店塔电厂#1机组厂高变等值负荷,117375065288347139,陕西.朔方变1号站用变-高
116812115334926542,71821洛道1线,117375065288345312,陕西.洛川变#1站用,117375065288349012,陕西.秦道变
116812115334926543,71821道洛1线,117375065288349012,陕西.秦道变,117375065288345312,陕西.洛川变#1站用
116812115334926544,71817横夏1线,117375065288345316,陕西.榆横变#1站用,117375065288346599,陕西.夏州变1号站用变-高
116812115334926545,71817夏横1线,117375065288346599,陕西.夏州变1号站用变-高,117375065288345316,陕西.榆横变#1站用
116812115334926548,71819夏道1线,117375065288346599,陕西.夏州变1号站用变-高,117375065288349012,陕西.秦道变
116812115334926549,71819道夏1线,117375065288349012,陕西.秦道变,117375065288346599,陕西.夏州变1号站用变-高
116812115334926582,7191道泾1线,117375065288349012,陕西.秦道变,117375065288346683,陕西.泾渭变1号站用变-高
116812115334926583,7191泾道1线,117375065288346683,陕西.泾渭变1号站用变-高,117375065288349012,陕西.秦道变
116812115334926635,7101泾乾1线,117375065288346683,陕西.泾渭变1号站用变-高,117375065288345060,陕西.乾县变1号站用变-高
116812115334927181,72019朔横3线,117375065288347139,陕西.朔方变1号站用变-高,117375065288345316,陕西.榆横变#1站用
116812115334927187,7156朔店线,117375065288347139,陕西.朔方变1号站用变-高,115967690404798288,陕西.店塔电厂#1机组厂高变等值负荷
116812115334927189,7214朔陕2线,117375065288347139,陕西.朔方变1号站用变-高,117375065288347546,陕西.陕北换流站1号站用变-高
116812115334927513,7213陕朔1线,117375065288347546,陕西.陕北换流站1号站用变-高,117375065288347139,陕西.朔方变1号站用变-高
